customer_code,customer,pre_inv_disc
90001021,Taobao,0.30950000
90013122,"Radio Popular",0.30930000
90020099,"Integration Stores",0.30910000
80006155,Novus,0.30910000
90002009,Flipkart,0.30830000
